{
  "$schema": "https://json-schema.org/draft/2020-12/schema",
  "$id": "urn:qshield:p3-14:shared-schemas:v1.0",
  "title": "QuantumShield Phase 3 Shared Schemas (P3-14 v1.0)",
  "type": "object",
  "description": "Schema bundle aligned with P3-13 OpenAPI components. Intended for validation and SDK generation.",
  "$defs": {
    "Base64Url": {
      "type": "string",
      "description": "Base64url without padding (RFC 4648 URL-safe; no '='). Represents raw bytes.",
      "pattern": "^[A-Za-z0-9_-]*$",
      "minLength": 1
    },
    "Base64UrlOptional": {
      "type": "string",
      "description": "Base64url without padding; empty string allowed where documented.",
      "pattern": "^[A-Za-z0-9_-]*$",
      "minLength": 0
    },
    "FixedBytes32B64": {
      "allOf": [
        {
          "$ref": "#/$defs/Base64Url"
        }
      ],
      "description": "base64url encoding of exactly 32 bytes (decoded length must be enforced by implementation)."
    },
    "FixedBytes16B64": {
      "allOf": [
        {
          "$ref": "#/$defs/Base64Url"
        }
      ],
      "description": "base64url encoding of exactly 16 bytes (decoded length must be enforced by implementation)."
    },
    "OpaqueHandle": {
      "type": "string",
      "minLength": 1,
      "maxLength": 256,
      "description": "Opaque handle generated by a service (msg_handle, cursor, bundle_id, etc.)."
    },
    "IdempotencyKey": {
      "type": "string",
      "minLength": 8,
      "maxLength": 128,
      "description": "Caller-supplied key to make retries safe (idempotent) within a server-defined window."
    },
    "TimestampRfc3339": {
      "type": "string",
      "format": "date-time",
      "description": "RFC3339 timestamp (server-provided; coarse timestamps recommended for privacy)."
    },
    "ReasonCode": {
      "type": "string",
      "description": "Standardized sanitized reason code.",
      "enum": [
        "noncanonical_qse",
        "bounds_exceeded",
        "invalid_request",
        "rate_limited",
        "queue_full",
        "auth_failed",
        "forbidden",
        "not_found",
        "conflict",
        "opk_unavailable",
        "server_error",
        "kt_fail",
        "bundle_sig_fail",
        "aead_fail",
        "replay",
        "policy_reject"
      ]
    },
    "ErrorResponse": {
      "type": "object",
      "additionalProperties": false,
      "required": [
        "error_code",
        "message",
        "retryable"
      ],
      "properties": {
        "error_code": {
          "$ref": "#/$defs/ReasonCode"
        },
        "message": {
          "type": "string",
          "minLength": 1,
          "maxLength": 512,
          "description": "Sanitized human-readable message; MUST NOT include secrets or raw route_token values."
        },
        "retryable": {
          "type": "boolean"
        },
        "details": {
          "type": "object",
          "description": "Optional sanitized diagnostic detail (no secrets, no raw identifiers).",
          "additionalProperties": true
        }
      }
    },
    "RsfEnqueueRequest": {
      "type": "object",
      "additionalProperties": false,
      "required": [
        "qse_envelope_b64"
      ],
      "properties": {
        "qse_envelope_b64": {
          "$ref": "#/$defs/Base64Url",
          "description": "Canonical QSE envelope bytes."
        },
        "idempotency_key": {
          "$ref": "#/$defs/IdempotencyKey"
        },
        "priority": {
          "type": "string",
          "enum": [
            "normal",
            "high"
          ],
          "default": "normal"
        }
      }
    },
    "RsfEnqueueResponse": {
      "type": "object",
      "additionalProperties": false,
      "required": [
        "accepted",
        "queued_at"
      ],
      "properties": {
        "accepted": {
          "type": "boolean"
        },
        "msg_handle": {
          "$ref": "#/$defs/OpaqueHandle",
          "description": "Present if accepted."
        },
        "queued_at": {
          "$ref": "#/$defs/TimestampRfc3339"
        },
        "inbox_hint": {
          "type": "object",
          "additionalProperties": false,
          "properties": {
            "approx_queue_depth_bucket": {
              "type": "string"
            }
          }
        },
        "reject_reason": {
          "$ref": "#/$defs/ReasonCode",
          "description": "Present if accepted=false."
        }
      }
    },
    "RsfFetchRequest": {
      "type": "object",
      "additionalProperties": false,
      "required": [
        "route_token_b64"
      ],
      "properties": {
        "route_token_b64": {
          "$ref": "#/$defs/Base64Url",
          "description": "base64url bytes of route_token (opaque)."
        },
        "max_items": {
          "type": "integer",
          "minimum": 1,
          "maximum": 200,
          "default": 20
        },
        "max_bytes": {
          "type": "integer",
          "minimum": 65536,
          "maximum": 1048576,
          "default": 262144
        },
        "wait_seconds": {
          "type": "integer",
          "minimum": 0,
          "maximum": 60,
          "default": 0
        },
        "visibility_timeout_seconds": {
          "type": "integer",
          "minimum": 0,
          "maximum": 600,
          "default": 0
        },
        "client_cursor": {
          "$ref": "#/$defs/OpaqueHandle"
        }
      }
    },
    "RsfFetchItem": {
      "type": "object",
      "additionalProperties": false,
      "required": [
        "msg_handle",
        "qse_envelope_b64",
        "queued_at"
      ],
      "properties": {
        "msg_handle": {
          "$ref": "#/$defs/OpaqueHandle"
        },
        "qse_envelope_b64": {
          "$ref": "#/$defs/Base64Url",
          "description": "Canonical QSE envelope bytes."
        },
        "queued_at": {
          "$ref": "#/$defs/TimestampRfc3339"
        }
      }
    },
    "RsfFetchResponse": {
      "type": "object",
      "additionalProperties": false,
      "required": [
        "items"
      ],
      "properties": {
        "items": {
          "type": "array",
          "items": {
            "$ref": "#/$defs/RsfFetchItem"
          }
        },
        "next_cursor": {
          "$ref": "#/$defs/OpaqueHandle"
        },
        "lease_expires_at": {
          "$ref": "#/$defs/TimestampRfc3339"
        }
      }
    },
    "RsfAckRequest": {
      "type": "object",
      "additionalProperties": false,
      "required": [
        "route_token_b64",
        "acks"
      ],
      "properties": {
        "route_token_b64": {
          "$ref": "#/$defs/Base64Url"
        },
        "acks": {
          "type": "array",
          "minItems": 1,
          "maxItems": 500,
          "items": {
            "$ref": "#/$defs/OpaqueHandle"
          }
        }
      }
    },
    "RsfAckResponse": {
      "type": "object",
      "additionalProperties": false,
      "required": [
        "acked",
        "not_found"
      ],
      "properties": {
        "acked": {
          "type": "integer",
          "minimum": 0
        },
        "not_found": {
          "type": "integer",
          "minimum": 0
        },
        "errors": {
          "type": "array",
          "items": {
            "type": "object",
            "additionalProperties": false,
            "required": [
              "msg_handle",
              "error_code"
            ],
            "properties": {
              "msg_handle": {
                "$ref": "#/$defs/OpaqueHandle"
              },
              "error_code": {
                "$ref": "#/$defs/ReasonCode"
              }
            }
          }
        }
      }
    },
    "RsfNackRequest": {
      "type": "object",
      "additionalProperties": false,
      "required": [
        "route_token_b64",
        "msg_handles"
      ],
      "properties": {
        "route_token_b64": {
          "$ref": "#/$defs/Base64Url"
        },
        "msg_handles": {
          "type": "array",
          "minItems": 1,
          "maxItems": 500,
          "items": {
            "$ref": "#/$defs/OpaqueHandle"
          }
        }
      }
    },
    "RsfNackResponse": {
      "type": "object",
      "additionalProperties": false,
      "required": [
        "released"
      ],
      "properties": {
        "released": {
          "type": "integer",
          "minimum": 0
        }
      }
    },
    "RsfStatusRequest": {
      "type": "object",
      "additionalProperties": false,
      "required": [
        "route_token_b64"
      ],
      "properties": {
        "route_token_b64": {
          "$ref": "#/$defs/Base64Url"
        }
      }
    },
    "RsfStatusResponse": {
      "type": "object",
      "additionalProperties": false,
      "required": [
        "queue_depth_bucket",
        "queue_bytes_bucket",
        "oldest_item_age_bucket"
      ],
      "properties": {
        "queue_depth_bucket": {
          "type": "string"
        },
        "queue_bytes_bucket": {
          "type": "string"
        },
        "oldest_item_age_bucket": {
          "type": "string"
        },
        "policy": {
          "type": "object",
          "additionalProperties": false,
          "properties": {
            "ttl_days": {
              "type": "integer",
              "minimum": 0
            },
            "max_items": {
              "type": "integer",
              "minimum": 0
            }
          }
        }
      }
    },
    "RsfRouteTokenRotateRequest": {
      "type": "object",
      "additionalProperties": false,
      "required": [
        "old_route_token_b64",
        "new_route_token_b64"
      ],
      "properties": {
        "old_route_token_b64": {
          "$ref": "#/$defs/Base64Url"
        },
        "new_route_token_b64": {
          "$ref": "#/$defs/Base64Url"
        },
        "overlap_seconds": {
          "type": "integer",
          "minimum": 0,
          "maximum": 604800,
          "default": 86400
        },
        "idempotency_key": {
          "$ref": "#/$defs/IdempotencyKey"
        }
      }
    },
    "RsfRouteTokenRotateResponse": {
      "type": "object",
      "additionalProperties": false,
      "required": [
        "rotated",
        "effective_at",
        "overlap_expires_at"
      ],
      "properties": {
        "rotated": {
          "type": "boolean"
        },
        "effective_at": {
          "$ref": "#/$defs/TimestampRfc3339"
        },
        "overlap_expires_at": {
          "$ref": "#/$defs/TimestampRfc3339"
        }
      }
    },
    "RsfRouteTokenRegisterRequest": {
      "type": "object",
      "additionalProperties": false,
      "required": [
        "route_token_b64"
      ],
      "properties": {
        "route_token_b64": {
          "$ref": "#/$defs/Base64Url"
        },
        "idempotency_key": {
          "$ref": "#/$defs/IdempotencyKey"
        }
      }
    },
    "RsfRouteTokenRegisterResponse": {
      "type": "object",
      "additionalProperties": false,
      "required": [
        "registered",
        "effective_at"
      ],
      "properties": {
        "registered": {
          "type": "boolean"
        },
        "effective_at": {
          "$ref": "#/$defs/TimestampRfc3339"
        }
      }
    },
    "PdsPutBundleRequest": {
      "type": "object",
      "additionalProperties": false,
      "required": [
        "bundle_format",
        "bundle_fields_b64",
        "sig_ec_b64",
        "valid_from",
        "valid_to",
        "idempotency_key"
      ],
      "properties": {
        "bundle_format": {
          "type": "string",
          "minLength": 1,
          "maxLength": 32,
          "description": "Identifier for canonical bundle format (e.g., 'QSP-4.3.2')."
        },
        "bundle_fields_b64": {
          "$ref": "#/$defs/Base64Url",
          "description": "Canonical bytes of bundle fields covered by signatures."
        },
        "sig_ec_b64": {
          "$ref": "#/$defs/Base64Url",
          "description": "EC signature bytes (suite-defined)."
        },
        "sig_pq_b64": {
          "$ref": "#/$defs/Base64UrlOptional",
          "description": "PQ signature bytes; empty string allowed when not applicable."
        },
        "valid_from": {
          "oneOf": [
            {
              "type": "integer",
              "minimum": 0
            },
            {
              "type": "string",
              "format": "date-time"
            }
          ]
        },
        "valid_to": {
          "oneOf": [
            {
              "type": "integer",
              "minimum": 0
            },
            {
              "type": "string",
              "format": "date-time"
            }
          ]
        },
        "kt_log_id_b64": {
          "$ref": "#/$defs/Base64UrlOptional",
          "description": "Optional preferred KT log_id (base64url(32))."
        },
        "if_revision": {
          "type": "integer",
          "minimum": 0,
          "description": "Optional optimistic concurrency guard."
        },
        "idempotency_key": {
          "$ref": "#/$defs/IdempotencyKey"
        }
      }
    },
    "PdsPutBundleResponse": {
      "type": "object",
      "additionalProperties": false,
      "required": [
        "bundle_id",
        "bundle_revision",
        "status"
      ],
      "properties": {
        "bundle_id": {
          "$ref": "#/$defs/OpaqueHandle"
        },
        "bundle_revision": {
          "type": "integer",
          "minimum": 0
        },
        "status": {
          "type": "string",
          "enum": [
            "active"
          ]
        },
        "warnings": {
          "type": "array",
          "items": {
            "type": "string",
            "maxLength": 256
          }
        }
      }
    },
    "PdsRevokeRequest": {
      "type": "object",
      "additionalProperties": false,
      "required": [
        "idempotency_key"
      ],
      "properties": {
        "reason_code": {
          "type": "string",
          "maxLength": 64
        },
        "idempotency_key": {
          "$ref": "#/$defs/IdempotencyKey"
        }
      }
    },
    "PdsRevokeResponse": {
      "type": "object",
      "additionalProperties": false,
      "required": [
        "status",
        "revoked_at"
      ],
      "properties": {
        "status": {
          "type": "string",
          "enum": [
            "revoked"
          ]
        },
        "revoked_at": {
          "$ref": "#/$defs/TimestampRfc3339"
        }
      }
    },
    "PdsOpkDhItem": {
      "type": "object",
      "additionalProperties": false,
      "required": [
        "opk_id",
        "opk_pub_b64"
      ],
      "properties": {
        "opk_id": {
          "type": "integer",
          "minimum": 0,
          "maximum": 4294967295
        },
        "opk_pub_b64": {
          "$ref": "#/$defs/Base64Url",
          "description": "DH OPK public key bytes (expected 32 bytes for Suite-1/Suite-1B)."
        }
      }
    },
    "PdsOpkPqItem": {
      "type": "object",
      "additionalProperties": false,
      "required": [
        "opk_id",
        "opk_pub_b64"
      ],
      "properties": {
        "opk_id": {
          "type": "integer",
          "minimum": 0,
          "maximum": 4294967295
        },
        "opk_pub_b64": {
          "$ref": "#/$defs/Base64Url",
          "description": "PQ OPK public key bytes (suite-defined size)."
        }
      }
    },
    "PdsOpkBatchUploadDhRequest": {
      "type": "object",
      "additionalProperties": false,
      "required": [
        "items",
        "idempotency_key"
      ],
      "properties": {
        "items": {
          "type": "array",
          "minItems": 1,
          "maxItems": 5000,
          "items": {
            "$ref": "#/$defs/PdsOpkDhItem"
          }
        },
        "idempotency_key": {
          "$ref": "#/$defs/IdempotencyKey"
        }
      }
    },
    "PdsOpkBatchUploadPqRequest": {
      "type": "object",
      "additionalProperties": false,
      "required": [
        "items",
        "idempotency_key"
      ],
      "properties": {
        "items": {
          "type": "array",
          "minItems": 1,
          "maxItems": 5000,
          "items": {
            "$ref": "#/$defs/PdsOpkPqItem"
          }
        },
        "idempotency_key": {
          "$ref": "#/$defs/IdempotencyKey"
        }
      }
    },
    "PdsOpkBatchUploadResponse": {
      "type": "object",
      "additionalProperties": false,
      "required": [
        "accepted",
        "rejected"
      ],
      "properties": {
        "accepted": {
          "type": "integer",
          "minimum": 0
        },
        "rejected": {
          "type": "integer",
          "minimum": 0
        },
        "reject_reasons": {
          "type": "array",
          "items": {
            "type": "object",
            "additionalProperties": false,
            "required": [
              "opk_id",
              "error_code"
            ],
            "properties": {
              "opk_id": {
                "type": "integer",
                "minimum": 0,
                "maximum": 4294967295
              },
              "error_code": {
                "$ref": "#/$defs/ReasonCode"
              }
            }
          }
        }
      }
    },
    "PdsOpkInventoryResponse": {
      "type": "object",
      "additionalProperties": false,
      "required": [
        "dh_available_bucket",
        "pq_available_bucket"
      ],
      "properties": {
        "dh_available_bucket": {
          "type": "string"
        },
        "pq_available_bucket": {
          "type": "string"
        },
        "last_upload_at": {
          "$ref": "#/$defs/TimestampRfc3339"
        }
      }
    },
    "PdsBundleItem": {
      "type": "object",
      "additionalProperties": false,
      "required": [
        "device_id",
        "bundle_id",
        "prekey_bundle_b64"
      ],
      "properties": {
        "device_id": {
          "type": "integer",
          "minimum": 0,
          "maximum": 4294967295
        },
        "bundle_id": {
          "$ref": "#/$defs/OpaqueHandle"
        },
        "prekey_bundle_b64": {
          "$ref": "#/$defs/Base64Url",
          "description": "Canonical QSP PrekeyBundle bytes."
        },
        "served_opk": {
          "type": "object",
          "additionalProperties": false,
          "properties": {
            "dh_opk_id": {
              "type": "integer",
              "minimum": 0,
              "maximum": 4294967295
            },
            "pq_opk_id": {
              "type": "integer",
              "minimum": 0,
              "maximum": 4294967295
            }
          }
        },
        "expires_at": {
          "$ref": "#/$defs/TimestampRfc3339"
        }
      }
    },
    "PdsGetBundlesResponse": {
      "type": "object",
      "additionalProperties": false,
      "required": [
        "user_handle",
        "bundles"
      ],
      "properties": {
        "user_handle": {
          "type": "string"
        },
        "bundles": {
          "type": "array",
          "items": {
            "$ref": "#/$defs/PdsBundleItem"
          }
        },
        "sth_hint": {
          "type": "object",
          "additionalProperties": false,
          "properties": {
            "kt_log_id_b64": {
              "$ref": "#/$defs/Base64Url"
            },
            "sth_b64": {
              "$ref": "#/$defs/Base64UrlOptional"
            }
          }
        }
      }
    },
    "KtlGetSthResponse": {
      "type": "object",
      "additionalProperties": false,
      "required": [
        "sth_b64"
      ],
      "properties": {
        "sth_b64": {
          "$ref": "#/$defs/Base64Url",
          "description": "Canonical STH bytes per KT profile."
        },
        "cache_ttl_seconds": {
          "type": "integer",
          "minimum": 0
        }
      }
    },
    "KtlInclusionProofRequest": {
      "type": "object",
      "additionalProperties": false,
      "required": [
        "leaf_hash_b64"
      ],
      "properties": {
        "leaf_hash_b64": {
          "$ref": "#/$defs/FixedBytes32B64"
        },
        "tree_size": {
          "type": "integer",
          "minimum": 0
        }
      }
    },
    "KtlInclusionProofResponse": {
      "type": "object",
      "additionalProperties": false,
      "required": [
        "sth_b64",
        "inclusion_proof_b64"
      ],
      "properties": {
        "sth_b64": {
          "$ref": "#/$defs/Base64Url"
        },
        "inclusion_proof_b64": {
          "$ref": "#/$defs/Base64Url",
          "description": "Canonical inclusion proof encoding."
        }
      }
    },
    "KtlConsistencyProofRequest": {
      "type": "object",
      "additionalProperties": false,
      "required": [
        "from_tree_size"
      ],
      "properties": {
        "from_tree_size": {
          "type": "integer",
          "minimum": 0
        },
        "to_tree_size": {
          "type": "integer",
          "minimum": 0
        }
      }
    },
    "KtlConsistencyProofResponse": {
      "type": "object",
      "additionalProperties": false,
      "required": [
        "to_sth_b64",
        "consistency_proof_b64"
      ],
      "properties": {
        "to_sth_b64": {
          "$ref": "#/$defs/Base64Url"
        },
        "consistency_proof_b64": {
          "$ref": "#/$defs/Base64Url",
          "description": "Canonical consistency proof encoding."
        }
      }
    },
    "KtlAppendRequest": {
      "type": "object",
      "additionalProperties": false,
      "required": [
        "leaf_data_b64",
        "idempotency_key"
      ],
      "properties": {
        "leaf_data_b64": {
          "$ref": "#/$defs/Base64Url",
          "description": "Canonical leaf binding bytes per KT profile."
        },
        "idempotency_key": {
          "$ref": "#/$defs/IdempotencyKey"
        }
      }
    },
    "KtlAppendResponse": {
      "type": "object",
      "additionalProperties": false,
      "required": [
        "sth_b64",
        "inclusion_proof_b64"
      ],
      "properties": {
        "sth_b64": {
          "$ref": "#/$defs/Base64Url"
        },
        "inclusion_proof_b64": {
          "$ref": "#/$defs/Base64Url"
        }
      }
    }
  }
}